{
  "notes": [
    {
      "id": 1,
      "content": "HTML on helppoa",
      "date": "2017-12-10T17:30:31.098Z",
      "important": true
    },
    {
      "id": 2,
      "content": "Selain pystyy suorittamaan vain javascriptiä",
      "date": "2017-12-10T18:39:34.091Z",
      "important": true
    },
    {
      "id": 3,
      "content": "HTTP-protokollan tärkeimmät metodit ovat GET ja POST",
      "date": "2017-12-10T19:20:14.298Z",
      "important": false
    },
    {
      "content": "ihmeellistä sad",
      "important": false,
      "id": 5
    },
    {
      "content": "Kukkakeppi",
      "important": true,
      "id": 6
    },
    {
      "content": "Heippatirallaa",
      "important": true,
      "id": 7
    },
    {
      "content": "haastava notes: this.state.notes.concat(response.data),",
      "important": false,
      "id": 8
    },
    {
      "content": "erikoinen juttu tuo response eikö vain",
      "important": true,
      "id": 9
    },
    {
      "content": "xxx",
      "important": true,
      "id": 10
    },
    {
      "content": "Cool looking gui isnt it - sorting is not needed?",
      "important": true,
      "id": 11
    }
  ],
  "persons": [
    {
      "name": "Martti Tienari",
      "phonenumber": "040-123456",
      "id": 2
    },
    {
      "name": "Arto Järvinen",
      "phonenumber": "040-123456",
      "id": 3
    },
    {
      "name": "Lea Kutvonen",
      "phonenumber": "040-123456",
      "id": 4
    },
    {
      "name": "Niilo Nokia",
      "phonenumber": "12313 123",
      "id": 5
    },
    {
      "name": "Jeppe Jeppesen",
      "phonenumber": "777777",
      "id": 6
    },
    {
      "name": "arto kurikka",
      "phonenumber": "123123",
      "id": 7
    },
    {
      "name": "AAA",
      "phonenumber": "123456",
      "id": 16
    },
    {
      "name": "asdasd",
      "phonenumber": "88888",
      "id": 17
    },
    {
      "name": "Hellevi Hulvaton",
      "phonenumber": "123123123123",
      "id": 18
    },
    {
      "name": "jörn jäykkä",
      "phonenumber": "666",
      "id": 19
    }
  ],
  "all_name_capital_population_flag_alpha3Code": [
    {
      "flag": "https://restcountries.eu/data/afg.svg",
      "name": "Afghanistan",
      "alpha3Code": "AFG",
      "capital": "Kabul",
      "population": 27657145
    },
    {
      "flag": "https://restcountries.eu/data/ala.svg",
      "name": "Åland Islands",
      "alpha3Code": "ALA",
      "capital": "Mariehamn",
      "population": 28875
    },
    {
      "flag": "https://restcountries.eu/data/alb.svg",
      "name": "Albania",
      "alpha3Code": "ALB",
      "capital": "Tirana",
      "population": 2886026
    },
    {
      "flag": "https://restcountries.eu/data/dza.svg",
      "name": "Algeria",
      "alpha3Code": "DZA",
      "capital": "Algiers",
      "population": 40400000
    },
    {
      "flag": "https://restcountries.eu/data/asm.svg",
      "name": "American Samoa",
      "alpha3Code": "ASM",
      "capital": "Pago Pago",
      "population": 57100
    },
    {
      "flag": "https://restcountries.eu/data/and.svg",
      "name": "Andorra",
      "alpha3Code": "AND",
      "capital": "Andorra la Vella",
      "population": 78014
    },
    {
      "flag": "https://restcountries.eu/data/ago.svg",
      "name": "Angola",
      "alpha3Code": "AGO",
      "capital": "Luanda",
      "population": 25868000
    },
    {
      "flag": "https://restcountries.eu/data/aia.svg",
      "name": "Anguilla",
      "alpha3Code": "AIA",
      "capital": "The Valley",
      "population": 13452
    },
    {
      "flag": "https://restcountries.eu/data/ata.svg",
      "name": "Antarctica",
      "alpha3Code": "ATA",
      "capital": "",
      "population": 1000
    },
    {
      "flag": "https://restcountries.eu/data/atg.svg",
      "name": "Antigua and Barbuda",
      "alpha3Code": "ATG",
      "capital": "Saint John's",
      "population": 86295
    },
    {
      "flag": "https://restcountries.eu/data/arg.svg",
      "name": "Argentina",
      "alpha3Code": "ARG",
      "capital": "Buenos Aires",
      "population": 43590400
    },
    {
      "flag": "https://restcountries.eu/data/arm.svg",
      "name": "Armenia",
      "alpha3Code": "ARM",
      "capital": "Yerevan",
      "population": 2994400
    },
    {
      "flag": "https://restcountries.eu/data/abw.svg",
      "name": "Aruba",
      "alpha3Code": "ABW",
      "capital": "Oranjestad",
      "population": 107394
    },
    {
      "flag": "https://restcountries.eu/data/aus.svg",
      "name": "Australia",
      "alpha3Code": "AUS",
      "capital": "Canberra",
      "population": 24117360
    },
    {
      "flag": "https://restcountries.eu/data/aut.svg",
      "name": "Austria",
      "alpha3Code": "AUT",
      "capital": "Vienna",
      "population": 8725931
    },
    {
      "flag": "https://restcountries.eu/data/aze.svg",
      "name": "Azerbaijan",
      "alpha3Code": "AZE",
      "capital": "Baku",
      "population": 9730500
    },
    {
      "flag": "https://restcountries.eu/data/bhs.svg",
      "name": "Bahamas",
      "alpha3Code": "BHS",
      "capital": "Nassau",
      "population": 378040
    },
    {
      "flag": "https://restcountries.eu/data/bhr.svg",
      "name": "Bahrain",
      "alpha3Code": "BHR",
      "capital": "Manama",
      "population": 1404900
    },
    {
      "flag": "https://restcountries.eu/data/bgd.svg",
      "name": "Bangladesh",
      "alpha3Code": "BGD",
      "capital": "Dhaka",
      "population": 161006790
    },
    {
      "flag": "https://restcountries.eu/data/brb.svg",
      "name": "Barbados",
      "alpha3Code": "BRB",
      "capital": "Bridgetown",
      "population": 285000
    },
    {
      "flag": "https://restcountries.eu/data/blr.svg",
      "name": "Belarus",
      "alpha3Code": "BLR",
      "capital": "Minsk",
      "population": 9498700
    },
    {
      "flag": "https://restcountries.eu/data/bel.svg",
      "name": "Belgium",
      "alpha3Code": "BEL",
      "capital": "Brussels",
      "population": 11319511
    },
    {
      "flag": "https://restcountries.eu/data/blz.svg",
      "name": "Belize",
      "alpha3Code": "BLZ",
      "capital": "Belmopan",
      "population": 370300
    },
    {
      "flag": "https://restcountries.eu/data/ben.svg",
      "name": "Benin",
      "alpha3Code": "BEN",
      "capital": "Porto-Novo",
      "population": 10653654
    },
    {
      "flag": "https://restcountries.eu/data/bmu.svg",
      "name": "Bermuda",
      "alpha3Code": "BMU",
      "capital": "Hamilton",
      "population": 61954
    },
    {
      "flag": "https://restcountries.eu/data/btn.svg",
      "name": "Bhutan",
      "alpha3Code": "BTN",
      "capital": "Thimphu",
      "population": 775620
    },
    {
      "flag": "https://restcountries.eu/data/bol.svg",
      "name": "Bolivia (Plurinational State of)",
      "alpha3Code": "BOL",
      "capital": "Sucre",
      "population": 10985059
    },
    {
      "flag": "https://restcountries.eu/data/bes.svg",
      "name": "Bonaire, Sint Eustatius and Saba",
      "alpha3Code": "BES",
      "capital": "Kralendijk",
      "population": 17408
    },
    {
      "flag": "https://restcountries.eu/data/bih.svg",
      "name": "Bosnia and Herzegovina",
      "alpha3Code": "BIH",
      "capital": "Sarajevo",
      "population": 3531159
    },
    {
      "flag": "https://restcountries.eu/data/bwa.svg",
      "name": "Botswana",
      "alpha3Code": "BWA",
      "capital": "Gaborone",
      "population": 2141206
    },
    {
      "flag": "https://restcountries.eu/data/bvt.svg",
      "name": "Bouvet Island",
      "alpha3Code": "BVT",
      "capital": "",
      "population": 0
    },
    {
      "flag": "https://restcountries.eu/data/bra.svg",
      "name": "Brazil",
      "alpha3Code": "BRA",
      "capital": "Brasília",
      "population": 206135893
    },
    {
      "flag": "https://restcountries.eu/data/iot.svg",
      "name": "British Indian Ocean Territory",
      "alpha3Code": "IOT",
      "capital": "Diego Garcia",
      "population": 3000
    },
    {
      "flag": "https://restcountries.eu/data/umi.svg",
      "name": "United States Minor Outlying Islands",
      "alpha3Code": "UMI",
      "capital": "",
      "population": 300
    },
    {
      "flag": "https://restcountries.eu/data/vgb.svg",
      "name": "Virgin Islands (British)",
      "alpha3Code": "VGB",
      "capital": "Road Town",
      "population": 28514
    },
    {
      "flag": "https://restcountries.eu/data/vir.svg",
      "name": "Virgin Islands (U.S.)",
      "alpha3Code": "VIR",
      "capital": "Charlotte Amalie",
      "population": 114743
    },
    {
      "flag": "https://restcountries.eu/data/brn.svg",
      "name": "Brunei Darussalam",
      "alpha3Code": "BRN",
      "capital": "Bandar Seri Begawan",
      "population": 411900
    },
    {
      "flag": "https://restcountries.eu/data/bgr.svg",
      "name": "Bulgaria",
      "alpha3Code": "BGR",
      "capital": "Sofia",
      "population": 7153784
    },
    {
      "flag": "https://restcountries.eu/data/bfa.svg",
      "name": "Burkina Faso",
      "alpha3Code": "BFA",
      "capital": "Ouagadougou",
      "population": 19034397
    },
    {
      "flag": "https://restcountries.eu/data/bdi.svg",
      "name": "Burundi",
      "alpha3Code": "BDI",
      "capital": "Bujumbura",
      "population": 10114505
    },
    {
      "flag": "https://restcountries.eu/data/khm.svg",
      "name": "Cambodia",
      "alpha3Code": "KHM",
      "capital": "Phnom Penh",
      "population": 15626444
    },
    {
      "flag": "https://restcountries.eu/data/cmr.svg",
      "name": "Cameroon",
      "alpha3Code": "CMR",
      "capital": "Yaoundé",
      "population": 22709892
    },
    {
      "flag": "https://restcountries.eu/data/can.svg",
      "name": "Canada",
      "alpha3Code": "CAN",
      "capital": "Ottawa",
      "population": 36155487
    },
    {
      "flag": "https://restcountries.eu/data/cpv.svg",
      "name": "Cabo Verde",
      "alpha3Code": "CPV",
      "capital": "Praia",
      "population": 531239
    },
    {
      "flag": "https://restcountries.eu/data/cym.svg",
      "name": "Cayman Islands",
      "alpha3Code": "CYM",
      "capital": "George Town",
      "population": 58238
    },
    {
      "flag": "https://restcountries.eu/data/caf.svg",
      "name": "Central African Republic",
      "alpha3Code": "CAF",
      "capital": "Bangui",
      "population": 4998000
    },
    {
      "flag": "https://restcountries.eu/data/tcd.svg",
      "name": "Chad",
      "alpha3Code": "TCD",
      "capital": "N'Djamena",
      "population": 14497000
    },
    {
      "flag": "https://restcountries.eu/data/chl.svg",
      "name": "Chile",
      "alpha3Code": "CHL",
      "capital": "Santiago",
      "population": 18191900
    },
    {
      "flag": "https://restcountries.eu/data/chn.svg",
      "name": "China",
      "alpha3Code": "CHN",
      "capital": "Beijing",
      "population": 1377422166
    },
    {
      "flag": "https://restcountries.eu/data/cxr.svg",
      "name": "Christmas Island",
      "alpha3Code": "CXR",
      "capital": "Flying Fish Cove",
      "population": 2072
    },
    {
      "flag": "https://restcountries.eu/data/cck.svg",
      "name": "Cocos (Keeling) Islands",
      "alpha3Code": "CCK",
      "capital": "West Island",
      "population": 550
    },
    {
      "flag": "https://restcountries.eu/data/col.svg",
      "name": "Colombia",
      "alpha3Code": "COL",
      "capital": "Bogotá",
      "population": 48759958
    },
    {
      "flag": "https://restcountries.eu/data/com.svg",
      "name": "Comoros",
      "alpha3Code": "COM",
      "capital": "Moroni",
      "population": 806153
    },
    {
      "flag": "https://restcountries.eu/data/cog.svg",
      "name": "Congo",
      "alpha3Code": "COG",
      "capital": "Brazzaville",
      "population": 4741000
    },
    {
      "flag": "https://restcountries.eu/data/cod.svg",
      "name": "Congo (Democratic Republic of the)",
      "alpha3Code": "COD",
      "capital": "Kinshasa",
      "population": 85026000
    },
    {
      "flag": "https://restcountries.eu/data/cok.svg",
      "name": "Cook Islands",
      "alpha3Code": "COK",
      "capital": "Avarua",
      "population": 18100
    },
    {
      "flag": "https://restcountries.eu/data/cri.svg",
      "name": "Costa Rica",
      "alpha3Code": "CRI",
      "capital": "San José",
      "population": 4890379
    },
    {
      "flag": "https://restcountries.eu/data/hrv.svg",
      "name": "Croatia",
      "alpha3Code": "HRV",
      "capital": "Zagreb",
      "population": 4190669
    },
    {
      "flag": "https://restcountries.eu/data/cub.svg",
      "name": "Cuba",
      "alpha3Code": "CUB",
      "capital": "Havana",
      "population": 11239004
    },
    {
      "flag": "https://restcountries.eu/data/cuw.svg",
      "name": "Curaçao",
      "alpha3Code": "CUW",
      "capital": "Willemstad",
      "population": 154843
    },
    {
      "flag": "https://restcountries.eu/data/cyp.svg",
      "name": "Cyprus",
      "alpha3Code": "CYP",
      "capital": "Nicosia",
      "population": 847000
    },
    {
      "flag": "https://restcountries.eu/data/cze.svg",
      "name": "Czech Republic",
      "alpha3Code": "CZE",
      "capital": "Prague",
      "population": 10558524
    },
    {
      "flag": "https://restcountries.eu/data/dnk.svg",
      "name": "Denmark",
      "alpha3Code": "DNK",
      "capital": "Copenhagen",
      "population": 5717014
    },
    {
      "flag": "https://restcountries.eu/data/dji.svg",
      "name": "Djibouti",
      "alpha3Code": "DJI",
      "capital": "Djibouti",
      "population": 900000
    },
    {
      "flag": "https://restcountries.eu/data/dma.svg",
      "name": "Dominica",
      "alpha3Code": "DMA",
      "capital": "Roseau",
      "population": 71293
    },
    {
      "flag": "https://restcountries.eu/data/dom.svg",
      "name": "Dominican Republic",
      "alpha3Code": "DOM",
      "capital": "Santo Domingo",
      "population": 10075045
    },
    {
      "flag": "https://restcountries.eu/data/ecu.svg",
      "name": "Ecuador",
      "alpha3Code": "ECU",
      "capital": "Quito",
      "population": 16545799
    },
    {
      "flag": "https://restcountries.eu/data/egy.svg",
      "name": "Egypt",
      "alpha3Code": "EGY",
      "capital": "Cairo",
      "population": 91290000
    },
    {
      "flag": "https://restcountries.eu/data/slv.svg",
      "name": "El Salvador",
      "alpha3Code": "SLV",
      "capital": "San Salvador",
      "population": 6520675
    },
    {
      "flag": "https://restcountries.eu/data/gnq.svg",
      "name": "Equatorial Guinea",
      "alpha3Code": "GNQ",
      "capital": "Malabo",
      "population": 1222442
    },
    {
      "flag": "https://restcountries.eu/data/eri.svg",
      "name": "Eritrea",
      "alpha3Code": "ERI",
      "capital": "Asmara",
      "population": 5352000
    },
    {
      "flag": "https://restcountries.eu/data/est.svg",
      "name": "Estonia",
      "alpha3Code": "EST",
      "capital": "Tallinn",
      "population": 1315944
    },
    {
      "flag": "https://restcountries.eu/data/eth.svg",
      "name": "Ethiopia",
      "alpha3Code": "ETH",
      "capital": "Addis Ababa",
      "population": 92206005
    },
    {
      "flag": "https://restcountries.eu/data/flk.svg",
      "name": "Falkland Islands (Malvinas)",
      "alpha3Code": "FLK",
      "capital": "Stanley",
      "population": 2563
    },
    {
      "flag": "https://restcountries.eu/data/fro.svg",
      "name": "Faroe Islands",
      "alpha3Code": "FRO",
      "capital": "Tórshavn",
      "population": 49376
    },
    {
      "flag": "https://restcountries.eu/data/fji.svg",
      "name": "Fiji",
      "alpha3Code": "FJI",
      "capital": "Suva",
      "population": 867000
    },
    {
      "flag": "https://restcountries.eu/data/fin.svg",
      "name": "Finland",
      "alpha3Code": "FIN",
      "capital": "Helsinki",
      "population": 5491817
    },
    {
      "flag": "https://restcountries.eu/data/fra.svg",
      "name": "France",
      "alpha3Code": "FRA",
      "capital": "Paris",
      "population": 66710000
    },
    {
      "flag": "https://restcountries.eu/data/guf.svg",
      "name": "French Guiana",
      "alpha3Code": "GUF",
      "capital": "Cayenne",
      "population": 254541
    },
    {
      "flag": "https://restcountries.eu/data/pyf.svg",
      "name": "French Polynesia",
      "alpha3Code": "PYF",
      "capital": "Papeetē",
      "population": 271800
    },
    {
      "flag": "https://restcountries.eu/data/atf.svg",
      "name": "French Southern Territories",
      "alpha3Code": "ATF",
      "capital": "Port-aux-Français",
      "population": 140
    },
    {
      "flag": "https://restcountries.eu/data/gab.svg",
      "name": "Gabon",
      "alpha3Code": "GAB",
      "capital": "Libreville",
      "population": 1802278
    },
    {
      "flag": "https://restcountries.eu/data/gmb.svg",
      "name": "Gambia",
      "alpha3Code": "GMB",
      "capital": "Banjul",
      "population": 1882450
    },
    {
      "flag": "https://restcountries.eu/data/geo.svg",
      "name": "Georgia",
      "alpha3Code": "GEO",
      "capital": "Tbilisi",
      "population": 3720400
    },
    {
      "flag": "https://restcountries.eu/data/deu.svg",
      "name": "Germany",
      "alpha3Code": "DEU",
      "capital": "Berlin",
      "population": 81770900
    },
    {
      "flag": "https://restcountries.eu/data/gha.svg",
      "name": "Ghana",
      "alpha3Code": "GHA",
      "capital": "Accra",
      "population": 27670174
    },
    {
      "flag": "https://restcountries.eu/data/gib.svg",
      "name": "Gibraltar",
      "alpha3Code": "GIB",
      "capital": "Gibraltar",
      "population": 33140
    },
    {
      "flag": "https://restcountries.eu/data/grc.svg",
      "name": "Greece",
      "alpha3Code": "GRC",
      "capital": "Athens",
      "population": 10858018
    },
    {
      "flag": "https://restcountries.eu/data/grl.svg",
      "name": "Greenland",
      "alpha3Code": "GRL",
      "capital": "Nuuk",
      "population": 55847
    },
    {
      "flag": "https://restcountries.eu/data/grd.svg",
      "name": "Grenada",
      "alpha3Code": "GRD",
      "capital": "St. George's",
      "population": 103328
    },
    {
      "flag": "https://restcountries.eu/data/glp.svg",
      "name": "Guadeloupe",
      "alpha3Code": "GLP",
      "capital": "Basse-Terre",
      "population": 400132
    },
    {
      "flag": "https://restcountries.eu/data/gum.svg",
      "name": "Guam",
      "alpha3Code": "GUM",
      "capital": "Hagåtña",
      "population": 184200
    },
    {
      "flag": "https://restcountries.eu/data/gtm.svg",
      "name": "Guatemala",
      "alpha3Code": "GTM",
      "capital": "Guatemala City",
      "population": 16176133
    },
    {
      "flag": "https://restcountries.eu/data/ggy.svg",
      "name": "Guernsey",
      "alpha3Code": "GGY",
      "capital": "St. Peter Port",
      "population": 62999
    },
    {
      "flag": "https://restcountries.eu/data/gin.svg",
      "name": "Guinea",
      "alpha3Code": "GIN",
      "capital": "Conakry",
      "population": 12947000
    },
    {
      "flag": "https://restcountries.eu/data/gnb.svg",
      "name": "Guinea-Bissau",
      "alpha3Code": "GNB",
      "capital": "Bissau",
      "population": 1547777
    },
    {
      "flag": "https://restcountries.eu/data/guy.svg",
      "name": "Guyana",
      "alpha3Code": "GUY",
      "capital": "Georgetown",
      "population": 746900
    },
    {
      "flag": "https://restcountries.eu/data/hti.svg",
      "name": "Haiti",
      "alpha3Code": "HTI",
      "capital": "Port-au-Prince",
      "population": 11078033
    },
    {
      "flag": "https://restcountries.eu/data/hmd.svg",
      "name": "Heard Island and McDonald Islands",
      "alpha3Code": "HMD",
      "capital": "",
      "population": 0
    },
    {
      "flag": "https://restcountries.eu/data/vat.svg",
      "name": "Holy See",
      "alpha3Code": "VAT",
      "capital": "Rome",
      "population": 451
    },
    {
      "flag": "https://restcountries.eu/data/hnd.svg",
      "name": "Honduras",
      "alpha3Code": "HND",
      "capital": "Tegucigalpa",
      "population": 8576532
    },
    {
      "flag": "https://restcountries.eu/data/hkg.svg",
      "name": "Hong Kong",
      "alpha3Code": "HKG",
      "capital": "City of Victoria",
      "population": 7324300
    },
    {
      "flag": "https://restcountries.eu/data/hun.svg",
      "name": "Hungary",
      "alpha3Code": "HUN",
      "capital": "Budapest",
      "population": 9823000
    },
    {
      "flag": "https://restcountries.eu/data/isl.svg",
      "name": "Iceland",
      "alpha3Code": "ISL",
      "capital": "Reykjavík",
      "population": 334300
    },
    {
      "flag": "https://restcountries.eu/data/ind.svg",
      "name": "India",
      "alpha3Code": "IND",
      "capital": "New Delhi",
      "population": 1295210000
    },
    {
      "flag": "https://restcountries.eu/data/idn.svg",
      "name": "Indonesia",
      "alpha3Code": "IDN",
      "capital": "Jakarta",
      "population": 258705000
    },
    {
      "flag": "https://restcountries.eu/data/civ.svg",
      "name": "Côte d'Ivoire",
      "alpha3Code": "CIV",
      "capital": "Yamoussoukro",
      "population": 22671331
    },
    {
      "flag": "https://restcountries.eu/data/irn.svg",
      "name": "Iran (Islamic Republic of)",
      "alpha3Code": "IRN",
      "capital": "Tehran",
      "population": 79369900
    },
    {
      "flag": "https://restcountries.eu/data/irq.svg",
      "name": "Iraq",
      "alpha3Code": "IRQ",
      "capital": "Baghdad",
      "population": 37883543
    },
    {
      "flag": "https://restcountries.eu/data/irl.svg",
      "name": "Ireland",
      "alpha3Code": "IRL",
      "capital": "Dublin",
      "population": 6378000
    },
    {
      "flag": "https://restcountries.eu/data/imn.svg",
      "name": "Isle of Man",
      "alpha3Code": "IMN",
      "capital": "Douglas",
      "population": 84497
    },
    {
      "flag": "https://restcountries.eu/data/isr.svg",
      "name": "Israel",
      "alpha3Code": "ISR",
      "capital": "Jerusalem",
      "population": 8527400
    },
    {
      "flag": "https://restcountries.eu/data/ita.svg",
      "name": "Italy",
      "alpha3Code": "ITA",
      "capital": "Rome",
      "population": 60665551
    },
    {
      "flag": "https://restcountries.eu/data/jam.svg",
      "name": "Jamaica",
      "alpha3Code": "JAM",
      "capital": "Kingston",
      "population": 2723246
    },
    {
      "flag": "https://restcountries.eu/data/jpn.svg",
      "name": "Japan",
      "alpha3Code": "JPN",
      "capital": "Tokyo",
      "population": 126960000
    },
    {
      "flag": "https://restcountries.eu/data/jey.svg",
      "name": "Jersey",
      "alpha3Code": "JEY",
      "capital": "Saint Helier",
      "population": 100800
    },
    {
      "flag": "https://restcountries.eu/data/jor.svg",
      "name": "Jordan",
      "alpha3Code": "JOR",
      "capital": "Amman",
      "population": 9531712
    },
    {
      "flag": "https://restcountries.eu/data/kaz.svg",
      "name": "Kazakhstan",
      "alpha3Code": "KAZ",
      "capital": "Astana",
      "population": 17753200
    },
    {
      "flag": "https://restcountries.eu/data/ken.svg",
      "name": "Kenya",
      "alpha3Code": "KEN",
      "capital": "Nairobi",
      "population": 47251000
    },
    {
      "flag": "https://restcountries.eu/data/kir.svg",
      "name": "Kiribati",
      "alpha3Code": "KIR",
      "capital": "South Tarawa",
      "population": 113400
    },
    {
      "flag": "https://restcountries.eu/data/kwt.svg",
      "name": "Kuwait",
      "alpha3Code": "KWT",
      "capital": "Kuwait City",
      "population": 4183658
    },
    {
      "flag": "https://restcountries.eu/data/kgz.svg",
      "name": "Kyrgyzstan",
      "alpha3Code": "KGZ",
      "capital": "Bishkek",
      "population": 6047800
    },
    {
      "flag": "https://restcountries.eu/data/lao.svg",
      "name": "Lao People's Democratic Republic",
      "alpha3Code": "LAO",
      "capital": "Vientiane",
      "population": 6492400
    },
    {
      "flag": "https://restcountries.eu/data/lva.svg",
      "name": "Latvia",
      "alpha3Code": "LVA",
      "capital": "Riga",
      "population": 1961600
    },
    {
      "flag": "https://restcountries.eu/data/lbn.svg",
      "name": "Lebanon",
      "alpha3Code": "LBN",
      "capital": "Beirut",
      "population": 5988000
    },
    {
      "flag": "https://restcountries.eu/data/lso.svg",
      "name": "Lesotho",
      "alpha3Code": "LSO",
      "capital": "Maseru",
      "population": 1894194
    },
    {
      "flag": "https://restcountries.eu/data/lbr.svg",
      "name": "Liberia",
      "alpha3Code": "LBR",
      "capital": "Monrovia",
      "population": 4615000
    },
    {
      "flag": "https://restcountries.eu/data/lby.svg",
      "name": "Libya",
      "alpha3Code": "LBY",
      "capital": "Tripoli",
      "population": 6385000
    },
    {
      "flag": "https://restcountries.eu/data/lie.svg",
      "name": "Liechtenstein",
      "alpha3Code": "LIE",
      "capital": "Vaduz",
      "population": 37623
    },
    {
      "flag": "https://restcountries.eu/data/ltu.svg",
      "name": "Lithuania",
      "alpha3Code": "LTU",
      "capital": "Vilnius",
      "population": 2872294
    },
    {
      "flag": "https://restcountries.eu/data/lux.svg",
      "name": "Luxembourg",
      "alpha3Code": "LUX",
      "capital": "Luxembourg",
      "population": 576200
    },
    {
      "flag": "https://restcountries.eu/data/mac.svg",
      "name": "Macao",
      "alpha3Code": "MAC",
      "capital": "",
      "population": 649100
    },
    {
      "flag": "https://restcountries.eu/data/mkd.svg",
      "name": "Macedonia (the former Yugoslav Republic of)",
      "alpha3Code": "MKD",
      "capital": "Skopje",
      "population": 2058539
    },
    {
      "flag": "https://restcountries.eu/data/mdg.svg",
      "name": "Madagascar",
      "alpha3Code": "MDG",
      "capital": "Antananarivo",
      "population": 22434363
    },
    {
      "flag": "https://restcountries.eu/data/mwi.svg",
      "name": "Malawi",
      "alpha3Code": "MWI",
      "capital": "Lilongwe",
      "population": 16832910
    },
    {
      "flag": "https://restcountries.eu/data/mys.svg",
      "name": "Malaysia",
      "alpha3Code": "MYS",
      "capital": "Kuala Lumpur",
      "population": 31405416
    },
    {
      "flag": "https://restcountries.eu/data/mdv.svg",
      "name": "Maldives",
      "alpha3Code": "MDV",
      "capital": "Malé",
      "population": 344023
    },
    {
      "flag": "https://restcountries.eu/data/mli.svg",
      "name": "Mali",
      "alpha3Code": "MLI",
      "capital": "Bamako",
      "population": 18135000
    },
    {
      "flag": "https://restcountries.eu/data/mlt.svg",
      "name": "Malta",
      "alpha3Code": "MLT",
      "capital": "Valletta",
      "population": 425384
    },
    {
      "flag": "https://restcountries.eu/data/mhl.svg",
      "name": "Marshall Islands",
      "alpha3Code": "MHL",
      "capital": "Majuro",
      "population": 54880
    },
    {
      "flag": "https://restcountries.eu/data/mtq.svg",
      "name": "Martinique",
      "alpha3Code": "MTQ",
      "capital": "Fort-de-France",
      "population": 378243
    },
    {
      "flag": "https://restcountries.eu/data/mrt.svg",
      "name": "Mauritania",
      "alpha3Code": "MRT",
      "capital": "Nouakchott",
      "population": 3718678
    },
    {
      "flag": "https://restcountries.eu/data/mus.svg",
      "name": "Mauritius",
      "alpha3Code": "MUS",
      "capital": "Port Louis",
      "population": 1262879
    },
    {
      "flag": "https://restcountries.eu/data/myt.svg",
      "name": "Mayotte",
      "alpha3Code": "MYT",
      "capital": "Mamoudzou",
      "population": 226915
    },
    {
      "flag": "https://restcountries.eu/data/mex.svg",
      "name": "Mexico",
      "alpha3Code": "MEX",
      "capital": "Mexico City",
      "population": 122273473
    },
    {
      "flag": "https://restcountries.eu/data/fsm.svg",
      "name": "Micronesia (Federated States of)",
      "alpha3Code": "FSM",
      "capital": "Palikir",
      "population": 102800
    },
    {
      "flag": "https://restcountries.eu/data/mda.svg",
      "name": "Moldova (Republic of)",
      "alpha3Code": "MDA",
      "capital": "Chișinău",
      "population": 3553100
    },
    {
      "flag": "https://restcountries.eu/data/mco.svg",
      "name": "Monaco",
      "alpha3Code": "MCO",
      "capital": "Monaco",
      "population": 38400
    },
    {
      "flag": "https://restcountries.eu/data/mng.svg",
      "name": "Mongolia",
      "alpha3Code": "MNG",
      "capital": "Ulan Bator",
      "population": 3093100
    },
    {
      "flag": "https://restcountries.eu/data/mne.svg",
      "name": "Montenegro",
      "alpha3Code": "MNE",
      "capital": "Podgorica",
      "population": 621810
    },
    {
      "flag": "https://restcountries.eu/data/msr.svg",
      "name": "Montserrat",
      "alpha3Code": "MSR",
      "capital": "Plymouth",
      "population": 4922
    },
    {
      "flag": "https://restcountries.eu/data/mar.svg",
      "name": "Morocco",
      "alpha3Code": "MAR",
      "capital": "Rabat",
      "population": 33337529
    },
    {
      "flag": "https://restcountries.eu/data/moz.svg",
      "name": "Mozambique",
      "alpha3Code": "MOZ",
      "capital": "Maputo",
      "population": 26423700
    },
    {
      "flag": "https://restcountries.eu/data/mmr.svg",
      "name": "Myanmar",
      "alpha3Code": "MMR",
      "capital": "Naypyidaw",
      "population": 51419420
    },
    {
      "flag": "https://restcountries.eu/data/nam.svg",
      "name": "Namibia",
      "alpha3Code": "NAM",
      "capital": "Windhoek",
      "population": 2324388
    },
    {
      "flag": "https://restcountries.eu/data/nru.svg",
      "name": "Nauru",
      "alpha3Code": "NRU",
      "capital": "Yaren",
      "population": 10084
    },
    {
      "flag": "https://restcountries.eu/data/npl.svg",
      "name": "Nepal",
      "alpha3Code": "NPL",
      "capital": "Kathmandu",
      "population": 28431500
    },
    {
      "flag": "https://restcountries.eu/data/nld.svg",
      "name": "Netherlands",
      "alpha3Code": "NLD",
      "capital": "Amsterdam",
      "population": 17019800
    },
    {
      "flag": "https://restcountries.eu/data/ncl.svg",
      "name": "New Caledonia",
      "alpha3Code": "NCL",
      "capital": "Nouméa",
      "population": 268767
    },
    {
      "flag": "https://restcountries.eu/data/nzl.svg",
      "name": "New Zealand",
      "alpha3Code": "NZL",
      "capital": "Wellington",
      "population": 4697854
    },
    {
      "flag": "https://restcountries.eu/data/nic.svg",
      "name": "Nicaragua",
      "alpha3Code": "NIC",
      "capital": "Managua",
      "population": 6262703
    },
    {
      "flag": "https://restcountries.eu/data/ner.svg",
      "name": "Niger",
      "alpha3Code": "NER",
      "capital": "Niamey",
      "population": 20715000
    },
    {
      "flag": "https://restcountries.eu/data/nga.svg",
      "name": "Nigeria",
      "alpha3Code": "NGA",
      "capital": "Abuja",
      "population": 186988000
    },
    {
      "flag": "https://restcountries.eu/data/niu.svg",
      "name": "Niue",
      "alpha3Code": "NIU",
      "capital": "Alofi",
      "population": 1470
    },
    {
      "flag": "https://restcountries.eu/data/nfk.svg",
      "name": "Norfolk Island",
      "alpha3Code": "NFK",
      "capital": "Kingston",
      "population": 2302
    },
    {
      "flag": "https://restcountries.eu/data/prk.svg",
      "name": "Korea (Democratic People's Republic of)",
      "alpha3Code": "PRK",
      "capital": "Pyongyang",
      "population": 25281000
    },
    {
      "flag": "https://restcountries.eu/data/mnp.svg",
      "name": "Northern Mariana Islands",
      "alpha3Code": "MNP",
      "capital": "Saipan",
      "population": 56940
    },
    {
      "flag": "https://restcountries.eu/data/nor.svg",
      "name": "Norway",
      "alpha3Code": "NOR",
      "capital": "Oslo",
      "population": 5223256
    },
    {
      "flag": "https://restcountries.eu/data/omn.svg",
      "name": "Oman",
      "alpha3Code": "OMN",
      "capital": "Muscat",
      "population": 4420133
    },
    {
      "flag": "https://restcountries.eu/data/pak.svg",
      "name": "Pakistan",
      "alpha3Code": "PAK",
      "capital": "Islamabad",
      "population": 194125062
    },
    {
      "flag": "https://restcountries.eu/data/plw.svg",
      "name": "Palau",
      "alpha3Code": "PLW",
      "capital": "Ngerulmud",
      "population": 17950
    },
    {
      "flag": "https://restcountries.eu/data/pse.svg",
      "name": "Palestine, State of",
      "alpha3Code": "PSE",
      "capital": "Ramallah",
      "population": 4682467
    },
    {
      "flag": "https://restcountries.eu/data/pan.svg",
      "name": "Panama",
      "alpha3Code": "PAN",
      "capital": "Panama City",
      "population": 3814672
    },
    {
      "flag": "https://restcountries.eu/data/png.svg",
      "name": "Papua New Guinea",
      "alpha3Code": "PNG",
      "capital": "Port Moresby",
      "population": 8083700
    },
    {
      "flag": "https://restcountries.eu/data/pry.svg",
      "name": "Paraguay",
      "alpha3Code": "PRY",
      "capital": "Asunción",
      "population": 6854536
    },
    {
      "flag": "https://restcountries.eu/data/per.svg",
      "name": "Peru",
      "alpha3Code": "PER",
      "capital": "Lima",
      "population": 31488700
    },
    {
      "flag": "https://restcountries.eu/data/phl.svg",
      "name": "Philippines",
      "alpha3Code": "PHL",
      "capital": "Manila",
      "population": 103279800
    },
    {
      "flag": "https://restcountries.eu/data/pcn.svg",
      "name": "Pitcairn",
      "alpha3Code": "PCN",
      "capital": "Adamstown",
      "population": 56
    },
    {
      "flag": "https://restcountries.eu/data/pol.svg",
      "name": "Poland",
      "alpha3Code": "POL",
      "capital": "Warsaw",
      "population": 38437239
    },
    {
      "flag": "https://restcountries.eu/data/prt.svg",
      "name": "Portugal",
      "alpha3Code": "PRT",
      "capital": "Lisbon",
      "population": 10374822
    },
    {
      "flag": "https://restcountries.eu/data/pri.svg",
      "name": "Puerto Rico",
      "alpha3Code": "PRI",
      "capital": "San Juan",
      "population": 3474182
    },
    {
      "flag": "https://restcountries.eu/data/qat.svg",
      "name": "Qatar",
      "alpha3Code": "QAT",
      "capital": "Doha",
      "population": 2587564
    },
    {
      "flag": "https://restcountries.eu/data/kos.svg",
      "name": "Republic of Kosovo",
      "alpha3Code": "KOS",
      "capital": "Pristina",
      "population": 1733842
    },
    {
      "flag": "https://restcountries.eu/data/reu.svg",
      "name": "Réunion",
      "alpha3Code": "REU",
      "capital": "Saint-Denis",
      "population": 840974
    },
    {
      "flag": "https://restcountries.eu/data/rou.svg",
      "name": "Romania",
      "alpha3Code": "ROU",
      "capital": "Bucharest",
      "population": 19861408
    },
    {
      "flag": "https://restcountries.eu/data/rus.svg",
      "name": "Russian Federation",
      "alpha3Code": "RUS",
      "capital": "Moscow",
      "population": 146599183
    },
    {
      "flag": "https://restcountries.eu/data/rwa.svg",
      "name": "Rwanda",
      "alpha3Code": "RWA",
      "capital": "Kigali",
      "population": 11553188
    },
    {
      "flag": "https://restcountries.eu/data/blm.svg",
      "name": "Saint Barthélemy",
      "alpha3Code": "BLM",
      "capital": "Gustavia",
      "population": 9417
    },
    {
      "flag": "https://restcountries.eu/data/shn.svg",
      "name": "Saint Helena, Ascension and Tristan da Cunha",
      "alpha3Code": "SHN",
      "capital": "Jamestown",
      "population": 4255
    },
    {
      "flag": "https://restcountries.eu/data/kna.svg",
      "name": "Saint Kitts and Nevis",
      "alpha3Code": "KNA",
      "capital": "Basseterre",
      "population": 46204
    },
    {
      "flag": "https://restcountries.eu/data/lca.svg",
      "name": "Saint Lucia",
      "alpha3Code": "LCA",
      "capital": "Castries",
      "population": 186000
    },
    {
      "flag": "https://restcountries.eu/data/maf.svg",
      "name": "Saint Martin (French part)",
      "alpha3Code": "MAF",
      "capital": "Marigot",
      "population": 36979
    },
    {
      "flag": "https://restcountries.eu/data/spm.svg",
      "name": "Saint Pierre and Miquelon",
      "alpha3Code": "SPM",
      "capital": "Saint-Pierre",
      "population": 6069
    },
    {
      "flag": "https://restcountries.eu/data/vct.svg",
      "name": "Saint Vincent and the Grenadines",
      "alpha3Code": "VCT",
      "capital": "Kingstown",
      "population": 109991
    },
    {
      "flag": "https://restcountries.eu/data/wsm.svg",
      "name": "Samoa",
      "alpha3Code": "WSM",
      "capital": "Apia",
      "population": 194899
    },
    {
      "flag": "https://restcountries.eu/data/smr.svg",
      "name": "San Marino",
      "alpha3Code": "SMR",
      "capital": "City of San Marino",
      "population": 33005
    },
    {
      "flag": "https://restcountries.eu/data/stp.svg",
      "name": "Sao Tome and Principe",
      "alpha3Code": "STP",
      "capital": "São Tomé",
      "population": 187356
    },
    {
      "flag": "https://restcountries.eu/data/sau.svg",
      "name": "Saudi Arabia",
      "alpha3Code": "SAU",
      "capital": "Riyadh",
      "population": 32248200
    },
    {
      "flag": "https://restcountries.eu/data/sen.svg",
      "name": "Senegal",
      "alpha3Code": "SEN",
      "capital": "Dakar",
      "population": 14799859
    },
    {
      "flag": "https://restcountries.eu/data/srb.svg",
      "name": "Serbia",
      "alpha3Code": "SRB",
      "capital": "Belgrade",
      "population": 7076372
    },
    {
      "flag": "https://restcountries.eu/data/syc.svg",
      "name": "Seychelles",
      "alpha3Code": "SYC",
      "capital": "Victoria",
      "population": 91400
    },
    {
      "flag": "https://restcountries.eu/data/sle.svg",
      "name": "Sierra Leone",
      "alpha3Code": "SLE",
      "capital": "Freetown",
      "population": 7075641
    },
    {
      "flag": "https://restcountries.eu/data/sgp.svg",
      "name": "Singapore",
      "alpha3Code": "SGP",
      "capital": "Singapore",
      "population": 5535000
    },
    {
      "flag": "https://restcountries.eu/data/sxm.svg",
      "name": "Sint Maarten (Dutch part)",
      "alpha3Code": "SXM",
      "capital": "Philipsburg",
      "population": 38247
    },
    {
      "flag": "https://restcountries.eu/data/svk.svg",
      "name": "Slovakia",
      "alpha3Code": "SVK",
      "capital": "Bratislava",
      "population": 5426252
    },
    {
      "flag": "https://restcountries.eu/data/svn.svg",
      "name": "Slovenia",
      "alpha3Code": "SVN",
      "capital": "Ljubljana",
      "population": 2064188
    },
    {
      "flag": "https://restcountries.eu/data/slb.svg",
      "name": "Solomon Islands",
      "alpha3Code": "SLB",
      "capital": "Honiara",
      "population": 642000
    },
    {
      "flag": "https://restcountries.eu/data/som.svg",
      "name": "Somalia",
      "alpha3Code": "SOM",
      "capital": "Mogadishu",
      "population": 11079000
    },
    {
      "flag": "https://restcountries.eu/data/zaf.svg",
      "name": "South Africa",
      "alpha3Code": "ZAF",
      "capital": "Pretoria",
      "population": 55653654
    },
    {
      "flag": "https://restcountries.eu/data/sgs.svg",
      "name": "South Georgia and the South Sandwich Islands",
      "alpha3Code": "SGS",
      "capital": "King Edward Point",
      "population": 30
    },
    {
      "flag": "https://restcountries.eu/data/kor.svg",
      "name": "Korea (Republic of)",
      "alpha3Code": "KOR",
      "capital": "Seoul",
      "population": 50801405
    },
    {
      "flag": "https://restcountries.eu/data/ssd.svg",
      "name": "South Sudan",
      "alpha3Code": "SSD",
      "capital": "Juba",
      "population": 12131000
    },
    {
      "flag": "https://restcountries.eu/data/esp.svg",
      "name": "Spain",
      "alpha3Code": "ESP",
      "capital": "Madrid",
      "population": 46438422
    },
    {
      "flag": "https://restcountries.eu/data/lka.svg",
      "name": "Sri Lanka",
      "alpha3Code": "LKA",
      "capital": "Colombo",
      "population": 20966000
    },
    {
      "flag": "https://restcountries.eu/data/sdn.svg",
      "name": "Sudan",
      "alpha3Code": "SDN",
      "capital": "Khartoum",
      "population": 39598700
    },
    {
      "flag": "https://restcountries.eu/data/sur.svg",
      "name": "Suriname",
      "alpha3Code": "SUR",
      "capital": "Paramaribo",
      "population": 541638
    },
    {
      "flag": "https://restcountries.eu/data/sjm.svg",
      "name": "Svalbard and Jan Mayen",
      "alpha3Code": "SJM",
      "capital": "Longyearbyen",
      "population": 2562
    },
    {
      "flag": "https://restcountries.eu/data/swz.svg",
      "name": "Swaziland",
      "alpha3Code": "SWZ",
      "capital": "Lobamba",
      "population": 1132657
    },
    {
      "flag": "https://restcountries.eu/data/swe.svg",
      "name": "Sweden",
      "alpha3Code": "SWE",
      "capital": "Stockholm",
      "population": 9894888
    },
    {
      "flag": "https://restcountries.eu/data/che.svg",
      "name": "Switzerland",
      "alpha3Code": "CHE",
      "capital": "Bern",
      "population": 8341600
    },
    {
      "flag": "https://restcountries.eu/data/syr.svg",
      "name": "Syrian Arab Republic",
      "alpha3Code": "SYR",
      "capital": "Damascus",
      "population": 18564000
    },
    {
      "flag": "https://restcountries.eu/data/twn.svg",
      "name": "Taiwan",
      "alpha3Code": "TWN",
      "capital": "Taipei",
      "population": 23503349
    },
    {
      "flag": "https://restcountries.eu/data/tjk.svg",
      "name": "Tajikistan",
      "alpha3Code": "TJK",
      "capital": "Dushanbe",
      "population": 8593600
    },
    {
      "flag": "https://restcountries.eu/data/tza.svg",
      "name": "Tanzania, United Republic of",
      "alpha3Code": "TZA",
      "capital": "Dodoma",
      "population": 55155000
    },
    {
      "flag": "https://restcountries.eu/data/tha.svg",
      "name": "Thailand",
      "alpha3Code": "THA",
      "capital": "Bangkok",
      "population": 65327652
    },
    {
      "flag": "https://restcountries.eu/data/tls.svg",
      "name": "Timor-Leste",
      "alpha3Code": "TLS",
      "capital": "Dili",
      "population": 1167242
    },
    {
      "flag": "https://restcountries.eu/data/tgo.svg",
      "name": "Togo",
      "alpha3Code": "TGO",
      "capital": "Lomé",
      "population": 7143000
    },
    {
      "flag": "https://restcountries.eu/data/tkl.svg",
      "name": "Tokelau",
      "alpha3Code": "TKL",
      "capital": "Fakaofo",
      "population": 1411
    },
    {
      "flag": "https://restcountries.eu/data/ton.svg",
      "name": "Tonga",
      "alpha3Code": "TON",
      "capital": "Nuku'alofa",
      "population": 103252
    },
    {
      "flag": "https://restcountries.eu/data/tto.svg",
      "name": "Trinidad and Tobago",
      "alpha3Code": "TTO",
      "capital": "Port of Spain",
      "population": 1349667
    },
    {
      "flag": "https://restcountries.eu/data/tun.svg",
      "name": "Tunisia",
      "alpha3Code": "TUN",
      "capital": "Tunis",
      "population": 11154400
    },
    {
      "flag": "https://restcountries.eu/data/tur.svg",
      "name": "Turkey",
      "alpha3Code": "TUR",
      "capital": "Ankara",
      "population": 78741053
    },
    {
      "flag": "https://restcountries.eu/data/tkm.svg",
      "name": "Turkmenistan",
      "alpha3Code": "TKM",
      "capital": "Ashgabat",
      "population": 4751120
    },
    {
      "flag": "https://restcountries.eu/data/tca.svg",
      "name": "Turks and Caicos Islands",
      "alpha3Code": "TCA",
      "capital": "Cockburn Town",
      "population": 31458
    },
    {
      "flag": "https://restcountries.eu/data/tuv.svg",
      "name": "Tuvalu",
      "alpha3Code": "TUV",
      "capital": "Funafuti",
      "population": 10640
    },
    {
      "flag": "https://restcountries.eu/data/uga.svg",
      "name": "Uganda",
      "alpha3Code": "UGA",
      "capital": "Kampala",
      "population": 33860700
    },
    {
      "flag": "https://restcountries.eu/data/ukr.svg",
      "name": "Ukraine",
      "alpha3Code": "UKR",
      "capital": "Kiev",
      "population": 42692393
    },
    {
      "flag": "https://restcountries.eu/data/are.svg",
      "name": "United Arab Emirates",
      "alpha3Code": "ARE",
      "capital": "Abu Dhabi",
      "population": 9856000
    },
    {
      "flag": "https://restcountries.eu/data/gbr.svg",
      "name": "United Kingdom of Great Britain and Northern Ireland",
      "alpha3Code": "GBR",
      "capital": "London",
      "population": 65110000
    },
    {
      "flag": "https://restcountries.eu/data/usa.svg",
      "name": "United States of America",
      "alpha3Code": "USA",
      "capital": "Washington, D.C.",
      "population": 323947000
    },
    {
      "flag": "https://restcountries.eu/data/ury.svg",
      "name": "Uruguay",
      "alpha3Code": "URY",
      "capital": "Montevideo",
      "population": 3480222
    },
    {
      "flag": "https://restcountries.eu/data/uzb.svg",
      "name": "Uzbekistan",
      "alpha3Code": "UZB",
      "capital": "Tashkent",
      "population": 31576400
    },
    {
      "flag": "https://restcountries.eu/data/vut.svg",
      "name": "Vanuatu",
      "alpha3Code": "VUT",
      "capital": "Port Vila",
      "population": 277500
    },
    {
      "flag": "https://restcountries.eu/data/ven.svg",
      "name": "Venezuela (Bolivarian Republic of)",
      "alpha3Code": "VEN",
      "capital": "Caracas",
      "population": 31028700
    },
    {
      "flag": "https://restcountries.eu/data/vnm.svg",
      "name": "Viet Nam",
      "alpha3Code": "VNM",
      "capital": "Hanoi",
      "population": 92700000
    },
    {
      "flag": "https://restcountries.eu/data/wlf.svg",
      "name": "Wallis and Futuna",
      "alpha3Code": "WLF",
      "capital": "Mata-Utu",
      "population": 11750
    },
    {
      "flag": "https://restcountries.eu/data/esh.svg",
      "name": "Western Sahara",
      "alpha3Code": "ESH",
      "capital": "El Aaiún",
      "population": 510713
    },
    {
      "flag": "https://restcountries.eu/data/yem.svg",
      "name": "Yemen",
      "alpha3Code": "YEM",
      "capital": "Sana'a",
      "population": 27478000
    },
    {
      "flag": "https://restcountries.eu/data/zmb.svg",
      "name": "Zambia",
      "alpha3Code": "ZMB",
      "capital": "Lusaka",
      "population": 15933883
    },
    {
      "flag": "https://restcountries.eu/data/zwe.svg",
      "name": "Zimbabwe",
      "alpha3Code": "ZWE",
      "capital": "Harare",
      "population": 14240168
    }
  ]
}